latitude,longitude,Annual Mean Temperature,Mean Diurnal Range,Isothermality,Temperature Seasonality,Max Temperature of Warmest Month,Min Temperature of Coldest Month,Temperature Annual Range,Mean Temperature of Wettest Quarter,Mean Temperature of Driest Quarter,Mean Temperature of Warmest Quarter,Mean Temperature of Coldest Quarter,Annual Precipitation,Precipitation of Wettest Month,Precipitation of Driest Month,Precipitation Seasonality,Precipitation of Wettest Quarter,Precipitation of Driest Quarter,Precipitation of Warmest Quarter,Precipitation of Coldest Quarter,Evapotranspiration,Climate water deficit,Palmer Drought Severity Index,Reference evapotranspiration,Precipitation accumulation,Soil moisture,Minimum temperature,Maximum temperature,Vapor pressure,Vapor pressure deficit,Wind-speed at 10m,Snow cover,Soil bulk density at 0-30 cm depth,Clay content at 0-30 cm depth,Soil organic carbon content at 0-30 cm depth,Soil pH in H2O at 0-30 cm depth,Sand content,Soil water content,Percent tree cover,Percent non tree cover,Percent non vegetation,Normalized Difference Vegetation Index,Enhanced Vegetation Index,Gross primary production,Net photosynthesis,leaf area index,Elevation,latitude,longitude,The estimated number of persons per square kilometer,Global Human Modification,Species diversity,0
42.66271549,-8.967735698,0.2901855975631923,-1.531015466462862,-0.0107135393565576,-0.9138714662966756,-0.3785408982046519,0.7142331342723753,-1.3174713395341733,-0.5995506637370374,0.7138626078178917,-0.1413815951870169,0.521162392044509,1.0038030264162277,0.7914146047878793,0.4565583364166922,-0.4627470033461857,0.8164247375834011,0.6437622636092447,-0.2551986898285253,1.8648820691363268,1.102952426127083,-0.4032910989611823,-0.1799602661351524,0.1997611210979931,1.2492656828825912,2.3036141559290813,0.7900024557260239,0.5791340541665041,0.4828225445636275,-0.3054793224105586,0.3607018910748338,-1.0673414755918218,2.014817029550531,1.0956680947231645,-0.2513048645726208,-1.1562130219256168,0.2189722473411995,0.2659653959412905,0.5799289223923095,0.8190063004744684,-0.9687965192788768,1.3456748085707957,1.2182238214197842,0.6007709197389994,0.9836344019233874,0.1343432212298771,0.6650578574679812,42.66271549,-8.967735698,0.1982001142018195,1.2896937071804135,8.74339750077887,10.25579343452601
58.42312963,-3.578153227,-0.0677129086809987,-1.531015466462862,-0.0107135393565576,-0.8944465059190951,-0.9403012527289376,0.423849652752382,-1.3174713395341733,-0.9310794044439406,0.2889047962729353,-0.6903125089259179,0.2563233367517223,0.1957839958141516,-0.2270896694366816,0.86868602684285,-1.2014355323315893,-0.1717218504922397,0.7772588311049733,-0.0635157510057509,0.4670743470517695,0.4154542360347131,-0.5986763734437567,-0.0649632951969385,-0.3152202354679559,0.6779866962775533,-0.3053442267439423,0.5479136401025859,0.3525865780497141,0.117953900927042,-0.5383879665418645,0.5242704767499521,-0.7086024512726162,1.617433234849977,0.8280513425625327,0.25589538034532,-1.3671497208561818,0.0785695178239869,0.0517807714198128,0.5629884835164947,0.6951507471691507,-0.8667918310865917,1.0195251493729418,0.8471456553953615,-0.0782682742526509,0.2524711701254329,0.1649092377801949,-0.1056693525886631,58.42312963,-3.578153227,-0.1323664292251447,-0.4628019448301249,13.7512651985727,13.271395094098402
58.175213,38.21767342,-0.3108137808468644,-0.891939489724016,-0.7860591327090242,0.3477893265441906,-0.272000141312115,-0.2820826040462225,0.2048530525522007,0.1013958166147007,-0.5268188189915208,-0.2345962786521133,-0.3518256050317136,-0.156354496726717,-0.3074979016123049,0.1078349060560971,-0.7877699560997632,-0.3061635631555923,0.0811695863058171,0.042974770562457,-0.1299060342551768,0.305190351730455,-0.5254577322176531,-0.5929662059097469,-0.305272051501016,0.0926894853029356,0.7980913494630654,0.3312848559137049,0.2342934503245989,-0.0687999392331949,-0.4255111264301328,-0.2781435705529652,-0.5554260041048718,0.9965210556303612,1.1960243767834011,0.1962247632961505,-0.3727338544692337,-0.3827537363039984,0.3730577082020295,1.1295520503631935,0.4630995381028662,-1.0134235703630017,0.5957821298131656,0.5656714537428654,-0.0578715264615527,0.111768046192039,0.3287557282692692,-0.1192248562831267,58.175213,38.21767342,-0.1144796706697782,-0.1489640768994888,8.80589156178874,11.132339285161729
42.24604889,23.47184244,-0.108229720708643,-0.572401501354593,-0.3014681368637326,-0.2851566596203354,-0.3979119449123859,0.1134397242310098,-0.4620700144570679,-0.5143004161266909,0.4794031255861916,-0.3588825232722418,0.0111019892584014,-0.109597518464029,-0.3968403818074418,0.4565583364166922,-1.1718879911721731,-0.3666623338541009,0.4435174123656519,-0.2072779551228317,0.1030619194255827,0.566564572271994,-0.3814077644028001,-0.4832879456105814,-0.0365598297945767,0.2084280992461476,0.406127293651462,0.3904301226001448,0.3113194887650563,-0.1722752028525405,-0.3008820152842525,0.1514019128787969,-0.5675384846736181,1.6298514784343696,0.8949555306026905,-0.3109754816217903,-0.3426000403362957,-0.6435016625502507,0.3462846301368446,1.4231863242106522,-0.0508298267617275,-0.7956010591190593,1.0702331087946868,0.5266905666363162,0.1655931737418677,0.431788648745274,-0.2499668716450198,2.123242754886708,42.24604889,23.47184244,-0.0001780440908675648,2.193133056213851,7.02328256700785,13.487815593816388
61.16062919,-149.7427132,-0.4391170189344046,-1.0197546850717851,-0.6891409335399659,0.0833406085325761,-0.7465907856515979,-0.2670627687951883,-0.1721034635834728,-0.7321621600197986,-0.0383615643421458,-0.5867406384091441,-0.3273034702823815,-0.3302320096410878,-0.3789718857684144,-0.0823778741405911,-0.4922945445056018,-0.38346754793702,-0.1095397958309379,-0.3084439506126292,-0.125052535220161,0.0880166024614888,-0.5840974404562582,-0.2966173194849481,-0.462666967008864,0.3478004010894808,0.8246386872228955,0.2654440043759674,0.1495042960781168,-0.2291754415208899,-0.4840458537847896,-0.4156685357650596,-0.2122162354454671,0.9220115941240072,0.0586531801007169,0.4647425400174133,-1.3972835349891195,-0.1621208756340922,1.3636615966138628,0.2430024158622127,-0.5932317326160492,0.2818234599119531,0.4141614793999051,0.3273180601663878,-0.3847977654955847,-0.1941568966011947,-0.0547416787889279,-0.1172883557553462,61.16062919,-149.7427132,-0.1340390342833259,0.913102660369878,15.5355808304012,12.614429566524937
54.78146355,43.44058925,-0.2702969688192201,-0.987800886234843,-0.8829773318780825,0.5156902216890193,-0.165459384419578,-0.272069380545533,0.2700955264987596,0.2529518123664279,-0.2874747642133271,-0.0688812858252752,-0.3665388858813128,-0.1899610748530239,-0.361103389729387,0.2346434261872226,-0.96505520305626,-0.38346754793702,0.1860597464810324,-0.0794893292409821,-0.0522500496949236,0.3148336558482103,-0.396480703787826,-0.3495465489959634,-0.1885781139514434,-0.0634216148246661,0.5929984645545993,0.3593334732907717,0.2495145361454722,-0.07304982415413,-0.330149378961581,-0.1230455114698124,-0.642377298656476,1.6360606002265654,0.2593657442211906,0.733260316738676,-1.24661446432443,0.860813296562744,0.4533769423975836,1.9313994904851,-0.3056590686197946,-0.8922930031346629,0.85032387672204,0.4680099809246174,-0.0464021954106588,0.1574753447221222,0.3030206774071109,-0.0049713251440764,54.78146355,43.44058925,-0.0992232264419467,-0.3116639857808733,7.42663341362501,14.099971988209768
41.67729898,23.45517578,-0.4256114149251898,-0.7960780932131891,-0.2530090372792035,-0.4159385710733519,-0.9403012527289376,-0.0367586282793315,-0.6505482725249048,-1.8214708794853376,0.2400590708079978,-0.9285278111144976,-0.1556485270370568,0.0978865725766487,-0.3164321496318186,0.3614519463183481,-1.0832453676939249,-0.255747920906835,0.4721238196861651,-0.1966289029660109,0.4913418422268487,0.473326025138413,-0.4173921094803751,-0.4992601948326935,-0.1151116451642755,0.2472637726848353,0.4816124709536118,0.315086583273453,0.2331142428603926,-0.2706320356544948,-0.3629618491905326,0.2171636789515674,-0.0071886965815268,1.4311595810840922,0.8949555306026905,-0.8181757265397311,-0.7644734381974255,-0.1220058100577458,0.1856461617457364,0.0284235234352237,1.3471719358339262,-1.0516753284351086,0.2127832142145256,0.4228354668210438,-0.0227918519112503,0.0727919977353045,-0.447178629830822,3.687935181333363,41.67729898,23.45517578,0.0166060084357119,-0.0160831834797831,1.83494651241856,11.461370882009456
44.29188189,-72.87397547,-0.3243193848560791,-0.2209097141482276,-0.5437636347863785,0.2739360118413106,-0.3397988047891839,-0.3521751685510484,0.2555971989550798,0.0161455690043541,-0.5268188189915208,-0.3278109621172096,-0.3469211780818472,0.8664544027695819,0.2017542354999755,1.6929414076951657,-1.3196256969692537,0.2517695443973206,1.664057458040885,0.9268460995785832,0.6563608094173867,0.6560981444157511,-0.6154220414678527,0.371702848268938,-0.2045987762162185,0.9532423196766796,-0.0051245767094,0.3041047035173501,0.3148002195694897,-0.0043538337161518,-0.4297199287288636,-0.1695566177355985,-0.6521794952761739,0.835083889033261,0.0921052741207959,2.791896604935024,-1.9095583752490624,0.4596626407992787,2.54167703148199,2.524314851138622,-0.7028510154265027,-0.93054476120677,0.9668072906514916,0.8226651922243783,0.0396429395128234,0.1721130968829606,0.4770745420544858,1.3757535511634296,44.29188189,-72.87397547,-0.1132868487078605,-0.3397875513637801,12.7358920925427,16.428494923362404
-1.143527504,103.5697463,1.2625890862266549,-0.8280318920501314,2.654536937792546,-1.5452788417382248,0.5512693437665798,1.575370355331666,-1.868407786194004,1.0580930397974784,1.2023198624672666,0.8839799229290435,1.4186725238700637,2.464958597125226,1.5597599344660569,2.580601048613044,-0.96505520305626,1.623075013563516,2.817849219968253,1.709551433104912,3.0928173249953304,2.463778971932012,-0.5719494784854301,0.4543523881387573,0.7414840376564077,2.619355013415802,0.5787949456487004,1.3645788869652289,1.1925443299439542,2.687921308823663,0.037149560108431,-1.0652823167632584,-1.083402283207056,0.4439092161249031,2.6679165136668743,4.343332648213432,-1.3671497208561818,-0.2624085395749588,0.3462846301368446,2.1553897378430973,-0.2786101546795529,-1.038924742411073,1.5136146444224048,1.8875712849079376,2.1580485062463444,1.0922527988708195,1.9365329721528752,-0.3264304127556417,-1.143527504,103.5697463,0.0041746735782429,0.1950894312729828,4.28508177872415,4.1072378516489865
-1.143527504,103.567663,1.2625890862266549,-0.8280318920501314,2.654536937792546,-1.5452788417382248,0.5512693437665798,1.575370355331666,-1.868407786194004,1.0580930397974784,1.2023198624672666,0.8839799229290435,1.4186725238700637,2.464958597125226,1.5597599344660569,2.580601048613044,-0.96505520305626,1.623075013563516,2.817849219968253,1.709551433104912,3.0928173249953304,2.463778971932012,-0.5719494784854301,0.4543523881387573,0.7414840376564077,2.619355013415802,0.5787949456487004,1.3645788869652289,1.1925443299439542,2.687921308823663,0.037149560108431,-1.0652823167632584,-1.083402283207056,0.2390081969824299,2.366847667486164,7.177686958048982,-1.3671497208561818,0.0785695178239869,0.31951155207166,2.0763343564226275,-0.2088524292547188,-1.0463625842584272,1.513331158625655,1.9416946284955765,2.1580485062463444,1.0922527988708195,1.9365329721528752,-0.3186844106445197,-1.143527504,103.567663,0.0041746735782429,0.1950894312729828,2.11695941360998,4.916102872993814
42.58563217,23.28642581,-0.3715889988883308,-0.8280318920501314,-0.3014681368637326,-0.3934363892498182,-0.8918736359596028,-0.0217387930282974,-0.6360499449812249,-0.9500239039129064,0.2742510786334541,-0.8353131276494011,-0.1360308192375911,0.0613576833089237,-0.2806951575537638,0.5833668565478177,-1.1718879911721731,-0.2490258352736674,0.6151558562887315,-0.0315685945352885,0.2826413837211682,0.5218017743325051,-0.4320583552265064,-0.5385380670368178,-0.1008589196191232,0.2450416245255094,0.4514772028878656,0.362482359220838,0.2753588330693267,-0.1848975707167276,-0.3694531173512676,0.4666248219305712,-0.2242299887299432,1.2386768055260116,0.9284076246227696,0.017212912148642,-0.7042058099315495,-0.1420633428459192,0.8282000353101692,0.169593847400348,1.12366248906456,-0.9645463239375316,0.3361871360828671,0.5808579013428155,-0.0303707050285811,-0.0503955366290563,-0.2693358836096968,3.267714566804992,42.58563217,23.28642581,2.91442406368616,1.77982626421602,3.56393717999869,5.629578116825037
41.48354901,24.31559231,-0.1284881267224651,-0.6363090990284775,-0.2530090372792035,-0.3301610232674028,-0.4366540383278539,0.1384727829827333,-0.5273124884036268,-1.4804698890439516,0.4598648354002166,-0.4003112714789513,0.0258152701080006,-0.0160835619386531,-0.3879061337879281,0.4248562063839108,-1.142340450012757,-0.3330519056882627,0.4339819432588141,-0.2764967941421669,0.3311763740713264,0.6461597185011746,-0.3020887185932752,-0.5754628127157875,0.0785826118008186,0.2106917828850872,0.815289989403816,0.4705362118210649,0.3901660580274461,-0.1408727762168774,-0.1689684386213381,-0.3051795539640018,-0.8419530461839261,1.3131862670323655,0.9618597186428486,0.1663894547715657,-0.613804367532736,-0.1821784084222656,0.560469254658322,2.571371625793664,-1.0744176753424557,-0.6797832360674021,1.8315147169423636,0.974766269106394,0.4697830750277995,0.5486693745018852,0.7398844530952572,2.5240983641372745,41.48354901,24.31559231,-0.1297574963146288,-0.2841720778089099,16.079065944938,14.253759222477735
-1.143527504,103.5697463,1.2625890862266549,-0.8280318920501314,2.654536937792546,-1.5452788417382248,0.5512693437665798,1.575370355331666,-1.868407786194004,1.0580930397974784,1.2023198624672666,0.8839799229290435,1.4186725238700637,2.464958597125226,1.5597599344660569,2.580601048613044,-0.96505520305626,1.623075013563516,2.817849219968253,1.709551433104912,3.0928173249953304,2.463778971932012,-0.5719494784854301,0.4543523881387573,0.7414840376564077,2.619355013415802,0.5787949456487004,1.3645788869652289,1.1925443299439542,2.687921308823663,0.037149560108431,-1.0652823167632584,-1.083402283207056,0.4439092161249031,2.6679165136668743,4.343332648213432,-1.3671497208561818,-0.2624085395749588,0.3462846301368446,2.1553897378430973,-0.2786101546795529,-1.038924742411073,1.5136146444224048,1.8875712849079376,2.1580485062463444,1.0922527988708195,1.9365329721528752,-0.3264304127556417,-1.143527504,103.5697463,0.0041746735782429,0.1950894312729828,3.56866795264714,4.1072378516489865
-1.143527504,103.567663,1.2625890862266549,-0.8280318920501314,2.654536937792546,-1.5452788417382248,0.5512693437665798,1.575370355331666,-1.868407786194004,1.0580930397974784,1.2023198624672666,0.8839799229290435,1.4186725238700637,2.464958597125226,1.5597599344660569,2.580601048613044,-0.96505520305626,1.623075013563516,2.817849219968253,1.709551433104912,3.0928173249953304,2.463778971932012,-0.5719494784854301,0.4543523881387573,0.7414840376564077,2.619355013415802,0.5787949456487004,1.3645788869652289,1.1925443299439542,2.687921308823663,0.037149560108431,-1.0652823167632584,-1.083402283207056,0.2390081969824299,2.366847667486164,7.177686958048982,-1.3671497208561818,0.0785695178239869,0.31951155207166,2.0763343564226275,-0.2088524292547188,-1.0463625842584272,1.513331158625655,1.9416946284955765,2.1580485062463444,1.0922527988708195,1.9365329721528752,-0.3186844106445197,-1.143527504,103.567663,0.0041746735782429,0.1950894312729828,3.92252261924236,4.916102872993814
56.46687994,33.04059091,-0.2973081768376496,-0.8599856908870737,-0.6891409335399659,0.2056601610092211,-0.3785408982046519,-0.1919635925400176,-0.0053726968311557,0.03509006847332,-0.4926268111660646,-0.3070965880138549,-0.2782592007837173,-0.0701463180548861,-0.2270896694366816,0.2346434261872226,-0.7877699560997632,-0.2221374927409969,0.2146661538015457,0.176087922522717,-0.0765175448700027,0.3173461792535808,-0.524607581673071,0.2090308892388899,-0.300059267832288,0.1864558305305692,0.2888275494996176,0.3598825672785769,0.2627082126419207,-0.0384876874468768,-0.4300922458552898,-0.4671828052270763,-0.55516424491328,1.182794709396246,0.5604345904019012,0.1962247632961505,-1.035677765393866,0.0785695178239869,0.4266038643323987,1.4382444921002655,0.1128872839292095,-0.9262945658654248,0.7155473793155689,0.6851965126345089,-0.0659913146800356,0.1229597934787694,0.1840073544726387,0.1422027149672425,56.46687994,33.04059091,-0.0886563338632422,-0.1450353932650394,22.8853232081028,14.845119385658073
52.91479718,-2.771903356,0.0335791213881119,-1.4032002711150928,-0.1560908381101451,-0.7221221049457085,-0.6594210754667948,0.4438760997537608,-1.1362422452381764,-0.86477365630256,0.1423676198781228,-0.4106684585306287,0.2710366176013216,0.0672023055917597,-0.361103389729387,0.86868602684285,-1.378720779288086,-0.3028025203390084,0.7391169546776223,-0.1327345900250861,0.2972018808262157,0.3504157730271234,-0.4924167461876724,0.4591392277139008,-0.2573010911968312,0.2265791038372776,0.0819371138982473,0.6019041469035082,0.4226666707689914,0.2561515329966079,-0.5053164930945294,-0.1506721871118092,-1.003892394786802,1.4622051900450732,1.296380658843638,0.1365541462469809,-0.4631352968680472,0.2189722473411995,0.0517807714198128,0.6382793229645608,0.6011913619030478,-0.8391655613678478,1.322861701556715,1.2590249896878092,-0.0978574856935582,0.0867402214729303,0.0777261093331288,-0.1676373694776396,52.91479718,-2.771903356,-0.0208897421760624,1.4092325714619276,6.7938486839964,5.345942117493935
-1.233110823,103.6197463,1.2625890862266549,-0.8280318920501314,2.5091596390389586,-1.5397013778674344,0.5706403904743138,1.5703637435813214,-1.8466602948784845,1.0580930397974784,1.197435289920773,0.8839799229290435,1.4186725238700637,2.454730508130263,1.497220198329461,2.5488989185802624,-0.96505520305626,1.6096308422971808,2.78924281264774,1.7202004852617327,3.053989332715204,2.4498484254955684,-0.568153671189079,0.3943476617473108,0.7377297006408241,2.627807483517164,0.6106584439683957,1.359950809068014,1.1895290757701285,2.6633863847417025,0.0383636376946034,-1.100759292154713,-1.0822323443077402,0.2203808316058414,2.768272795727112,8.758958309851975,-1.24661446432443,-0.2824660723631318,0.4266038643323987,2.29467779082202,-0.3554860153518189,-1.0601757191177992,1.6372107019930524,1.9320855413975735,2.187929131878936,1.1875816694893162,2.0068832179894107,-0.3167479101167391,-1.233110823,103.6197463,0.0041746868746273,0.1787324375184831,6.78202681594858,4.993837009023755
50.60021422,22.96350919,-0.0609601066763913,-0.8599856908870737,-0.5437636347863785,-0.08802216073895,-0.2913711880198489,0.0583669949772179,-0.3025884114765906,0.1392848155526325,-0.2239753211089083,-0.1931675304454038,-0.0428467071901291,-0.1826552969994789,-0.3074979016123049,0.1395370360888785,-0.5809371679838502,-0.255747920906835,0.0716341171989793,0.122842661738613,-0.2027085197804141,0.4335882740096649,-0.4268632460878564,-0.4891707619234683,-0.1519268033989861,0.0430130516851062,-0.0660357293112362,0.4970384012324765,0.4028321943425391,0.1421069643131464,-0.3799103722934988,-0.3117244238830381,-0.8915041000525487,1.66089708739535,0.7276950605022958,0.017212912148642,-1.3972835349891195,0.1989147145530266,0.31951155207166,2.4226722178837323,-0.9420203597402196,-0.6946589197621105,1.5647748311865832,0.6119073086138315,0.1130464587950411,0.1887307975310178,0.6319326871103093,0.1286472112727789,50.60021422,22.96350919,0.0304649893745713,1.2908760980344658,32.1735949210996,20.424144847659875
42.65438215,-8.9552357,0.2699271915493702,-1.49906166762592,-0.0107135393565576,-0.9146407716581638,-0.3882264215585189,0.7042199107716859,-1.3102221757623336,-0.6279674129404862,0.7040934627249043,-0.172453156342049,0.5162579650946425,1.0520211602496246,0.8360858448854478,0.4882604664494736,-0.4627470033461857,0.853396208565823,0.6819041400365958,-0.239225111593294,1.9328310556265484,1.0926949496213487,-0.4016804083348251,-0.1853112113841344,0.1959703734863531,1.248248063632059,2.2938543161961995,0.8040155584148063,0.5897469213443608,0.5191966477100394,-0.3066610245944329,0.2869480591171754,-1.0691683871901436,2.052071760303708,1.3298327528637168,-0.221469556048036,-1.005543951260928,0.2791448457057193,-0.0017653847105562,-0.0901595486954808,1.1863020792419616,-0.8646667334159192,1.1770427574006683,1.2403204415282216,0.5034331828687483,0.961314851980376,-0.1365972002154068,0.6708673590513227,42.65438215,-8.9552357,0.8518828639962602,1.4752169657053626,11.3888902934026,10.960445522649303
58.77937957,68.78016853,-0.5741730590265521,-0.6363090990284775,-0.9314364314626116,0.9139980725996038,-0.252629094604381,-0.742690885077936,0.8862744471051491,0.0729790674112518,-0.8638543246995896,-0.2656678398071454,-0.7392753340711606,-0.3039312093683258,-0.3789718857684144,-0.1457821342061538,-0.4331994621867695,-0.3397739913214304,-0.1572171413651267,-0.0102704902216469,-0.290071502410699,0.2250089500400214,-0.5039810912981657,-0.8366276223980323,-0.3258683120035338,-0.1119765904929291,0.4434049572895451,0.1487671349672495,0.1016015788260174,-0.217557891409327,-0.423552414591108,-0.3112932185544373,-0.1286677378391343,1.648478843810958,1.1291201887432432,0.1962247632961505,-0.8850086947291764,-0.2624085395749588,0.5336961765931377,0.9262667838534148,0.5826842102597246,-0.9879223983149304,0.4351011802756787,0.2531490337685118,-0.306750979857594,-0.0994804049090865,-0.1040897675474174,-0.2605893948111042,58.77937957,68.78016853,-0.1326639099588004,0.1601481527769323,17.4222862489152,15.5830156589149
55.61688008,38.90308998,-0.2365329587961832,-0.987800886234843,-0.8345182322935534,0.3656756761987944,-0.2042014778350459,-0.2069834277910518,0.1468597423774817,0.2055905636940131,-0.4828576660730771,-0.1206672210836621,-0.2978769085831829,-0.121286763029701,-0.244958165475709,0.2346434261872226,-0.8468650384185955,-0.2893583490726732,0.2146661538015457,0.069597400954509,-0.0668105467999711,0.4603007847543812,-0.4616918459656345,-0.180685544858659,-0.171101027844416,0.0799173253217629,0.9035396889135556,0.4042695322927847,0.2914074329001693,-0.0327987118250892,-0.2946173749396032,-0.2867913048142189,-0.7268021670866368,1.5801785040968,0.7945992485424537,0.5542484655911676,-0.9452763229950524,-0.0217181461168796,0.1856461617457364,1.880578173857655,-0.2188178186011236,-0.9284196635360974,0.8937302019714226,0.6359502384945321,-0.0696929860973425,0.1116457251433411,0.2740800324901927,-0.0979233504775411,55.61688008,38.90308998,0.0816442751340329,1.516295876944438,10.4605323955224,12.284617876894623
56.48354661,33.01767425,-0.2973081768376496,-0.891939489724016,-0.6891409335399659,0.2091220351359186,-0.3785408982046519,-0.1969702042903623,0.0018764669406841,0.03509006847332,-0.4926268111660646,-0.3070965880138549,-0.2831636277335837,-0.0701463180548861,-0.2270896694366816,0.2346434261872226,-0.7877699560997632,-0.2221374927409969,0.2146661538015457,0.176087922522717,-0.0765175448700027,0.3173461792535808,-0.524607581673071,0.2090308892388899,-0.300059267832288,0.1864558305305692,0.2888275494996176,0.3598825672785769,0.2627082126419207,-0.0384876874468768,-0.4300922458552898,-0.4671828052270763,-0.5534498662033073,1.648478843810958,0.9284076246227696,0.4647425400174133,-0.4330014827351092,-0.5432139986093845,0.1856461617457364,0.0472462332972402,1.2888032268049836,-1.0187363145396833,0.3166176165580497,0.423112882805984,0.0287190864428743,0.3436980947500145,0.0274750363338619,0.144139215495023,56.48354661,33.01767425,-0.0886563371873383,-0.1414043616344923,22.7107006129381,15.919236876952489
-0.643527585,-90.33230601,0.7358705298672794,-1.4032002711150928,0.8615502531649671,-1.266597974539076,0.0185655593038949,1.1598215800530547,-1.6654312005824874,0.5465915541353993,0.8652843567591979,0.2936202609834329,0.9625608175324866,0.9263617811686508,0.3089652117341399,1.78804779779351,-1.2014355323315893,0.3257124863621644,1.94058606213918,0.7937329476183232,0.9912522428334786,-0.0556797956637543,0.5524205708081003,0.4950002312650607,0.4534479034985295,-0.2790530572385133,-0.7987718919461011,1.1263897592551824,0.9027023759896354,1.6824850916214495,-0.3588177976963976,0.1625837168108686,-1.083402283207056,1.6795244527719386,3.270054206028296,-0.2811401730972055,-1.1260792077926791,-0.9042495887965032,0.4801500204627679,0.2110038090967845,1.219045501380149,-1.0591131702824628,0.6181827574933515,1.0233847780907477,1.7770063862325505,1.8815638184652612,-0.1953905588077669,1.1821034983853782,-0.643527585,-90.33230601,-0.1288119630014649,-0.531626065382912,8.03951776270334,9.074815122849552
45.33563173,-73.21564209,-0.1217353247178577,-0.157002116474343,-0.6406818339554368,0.4406829489439068,0.0863642227809639,-0.2870892157965672,0.480321275882116,0.2718963118353937,-0.4437810857011271,0.076119332898208,-0.2733547738338509,0.3725838198699404,-0.128812941222031,1.0906009370723198,-1.3196256969692537,-0.0843347372610606,1.063322904310106,0.3890689656591329,0.3554438692464056,0.6587701931167007,-0.50535282069037,0.6370259226326208,-0.1085476238196801,0.6580704338028466,-0.270925433622765,0.3865696556858821,0.3858164375125448,0.1091546325001867,-0.309412933789757,-0.4007535569333207,-0.630356468269577,1.2262585619416189,2.5675602316066377,-0.1617989389988665,-0.1015295272727934,-1.3054002445599686,-0.0820846189061103,-0.3837938225429395,1.152135030054288,-0.6734079430553843,0.1322489014678867,0.4328695479676489,-0.1694711358317635,-0.1601924187461016,-0.0782930904246612,-0.2857639016722509,45.33563173,-73.21564209,-0.0862131963735844,2.726299768734034,7.2200416161131,17.95204513820776
-0.643527585,-90.33230601,0.7358705298672794,-1.4032002711150928,0.8615502531649671,-1.266597974539076,0.0185655593038949,1.1598215800530547,-1.6654312005824874,0.5465915541353993,0.8652843567591979,0.2936202609834329,0.9625608175324866,0.9263617811686508,0.3089652117341399,1.78804779779351,-1.2014355323315893,0.3257124863621644,1.94058606213918,0.7937329476183232,0.9912522428334786,-0.0556797956637543,0.5524205708081003,0.4950002312650607,0.4534479034985295,-0.2790530572385133,-0.7987718919461011,1.1263897592551824,0.9027023759896354,1.6824850916214495,-0.3588177976963976,0.1625837168108686,-1.083402283207056,1.6795244527719386,3.270054206028296,-0.2811401730972055,-1.1260792077926791,-0.9042495887965032,0.4801500204627679,0.2110038090967845,1.219045501380149,-1.0591131702824628,0.6181827574933515,1.0233847780907477,1.7770063862325505,1.8815638184652612,-0.1953905588077669,1.1821034983853782,-0.643527585,-90.33230601,-0.1288119630014649,-0.531626065382912,12.5942484666748,9.074815122849552
47.42729806,-53.43856192,-0.2230273547869684,-1.2753850757673235,-0.5922227343709076,-0.325929843779217,-0.6884776455283959,0.0583669949772179,-0.5998041261220256,-1.4994143885129174,0.3768271021098229,-0.5142403290474025,-0.0428467071901291,0.9775022261434656,0.1660172434219207,2.2318776182524487,-1.4082683204475022,0.3089072722792453,2.0550116914212326,0.5754273784034969,1.1611247090590324,0.4722611937904226,-0.614746516440536,0.2827836767670282,-0.2896134723859119,1.3402699187159226,-0.1693542580338309,0.4150609100531185,0.268133601369782,-0.0084584618233694,-0.5132484666575222,1.0238661518512535,-0.6646496838197617,1.9589349334207655,1.0956680947231645,0.6437543911649217,-1.638354048052622,-0.2824660723631318,-0.0285384627757411,0.312646442351674,0.8474788414641965,-0.8391655613678478,0.4896121991559326,0.4780268775839439,-0.3492327784211023,-0.2162154590497006,-0.3564738628447239,-0.1773198721165421,47.42729806,-53.43856192,-0.1315338720693747,0.1821535646917552,11.7409753490025,15.637801192665837
62.60437896,-145.4489639,-0.8240267331970252,0.4181662625906184,-0.5922227343709076,0.8416833686197004,-0.5431947952203909,-0.9129156845896564,0.9152711021925086,-0.3343276711715148,-0.6147411248284084,-0.7110268830292726,-0.8667904347676876,-0.6429193017728134,-0.566591094178202,-0.4945055645667489,0.2759415256392178,-0.5716859456657134,-0.4814230909976104,-0.3776627896319644,-0.4405299724961895,-0.2207485952642044,-0.4401301899916887,-0.53731315185934,-0.4982097771924959,-0.4197960299090943,-0.7399427428728812,-0.069688227181065,0.0289044730502121,-0.3483459284863673,-0.5054459947037211,-0.5863490559009354,0.3206505752081862,1.6298514784343696,1.162572282763322,0.7630956252632609,-0.6740719957986121,-0.4629838674566912,0.560469254658322,-0.7451898518936578,-1.2779963434190118,1.3443722952482573,-0.1087872878792989,-0.3375855932604192,-0.5685450648902378,-0.3782267243241061,-0.6186210579896859,0.9652154392739608,62.60437896,-145.4489639,-0.1340390342833259,-0.6800732616888513,8.38992229555502,14.594978846260586
53.63354706,-2.834403346,0.0673431314111488,-1.3712464722781506,-0.107631738525616,-0.739239149238824,-0.6206789820513269,0.4789223820061739,-1.157989736553696,-0.8079401578956622,0.1619059100640978,-0.3795968973755966,0.3004631793005201,0.3155987526122895,-0.1824184293391132,1.0588988070395382,-1.2014355323315893,-0.077612651627893,0.9298263368143774,0.1015445574249714,0.4913418422268487,0.4629808097201097,-0.4979748925859007,0.2137371422891995,-0.20548274457603,0.5345023819524767,-0.2671391034398395,0.6192846525175039,0.4413012518809883,0.2762823303863655,-0.4816338863135938,0.3252071949164509,-0.9866415555312676,1.7602430360704888,1.296380658843638,0.2260600718207352,-0.5234029251339226,-0.0217181461168796,-0.0285384627757411,0.1432420535935247,0.918660193938517,-0.7966636079543957,0.898997938046471,0.8270607372628982,-0.179766779127818,0.0526397110651557,-0.1276125070196708,-0.3303034138112027,53.63354706,-2.834403346,1.2064757342524677,2.7378683583261747,11.4050476748453,10.738123219428596
45.14396509,-63.9364769,-0.1352409287270725,-0.3487249094959968,-0.4953045352018492,0.0804557134269949,-0.136402814357977,-0.0968379692834681,0.0381222857998835,-1.6414981345301616,0.5917482941555479,-0.1517387822386942,-0.1311263922877247,0.8591486249160368,0.1928199874804618,2.136771228154105,-1.3196256969692537,0.3223514435455806,1.9119796548186665,0.3571218091886705,1.2290736955492538,0.5482231514127897,-0.5397931085626497,-0.2662361996225048,-0.1931112331604536,0.9580188998322404,0.4360139642809557,0.3991427874066448,0.3743915722124059,0.1356827196652211,-0.460832690337174,0.1588505419112018,-0.7819045844626562,1.878216350122216,1.3632848468837957,0.1067188377223962,-1.3972835349891195,-0.1019482772695724,-0.0017653847105562,0.8679163832811632,0.2310483290365814,-0.6925338220914378,0.8037122120670829,0.6223605496142824,0.1257789320321567,0.3407494569593783,0.10094227075283,-0.2528433926999822,45.14396509,-63.9364769,-0.1340390342833259,-0.5137594249785982,13.8700510924119,13.555503918705927
55.11896349,41.04058963,-0.2365329587961832,-0.9238932885609584,-0.8345182322935534,0.4552997508121851,-0.155773861065711,-0.2470363217938095,0.2410988714114001,0.2529518123664279,-0.2435136112948833,-0.0688812858252752,-0.3273034702823815,-0.156354496726717,-0.2538924134952227,0.1712391661216598,-0.8468650384185955,-0.3364129485048466,0.1860597464810324,-0.0049459641432365,-0.0425430516248919,0.369327496818023,-0.4551985339683657,-0.1512553459892577,-0.2124472824772448,0.0169287704877844,1.1562174696247356,0.3674073961114577,0.2664630574621565,-0.035414831964932,-0.3530064129839193,-0.2259086565691772,-0.6610599974301022,1.530505529759231,0.4935304023617431,0.7034250082140914,-0.7644734381974255,0.0986270506121599,0.1053269275501823,1.5681211901481795,0.0075388822672152,-0.9209818216887432,0.9050028871855532,0.7124876516158952,-0.0119690502161989,0.144957824072046,0.4372492847986839,-0.1308438594498098,55.11896349,41.04058963,-0.1039035271316794,-0.153502958147065,10.309072086612,10.853656795627305
42.58354883,23.26767581,-0.4053530089113677,-0.8599856908870737,-0.3014681368637326,-0.4038220116299107,-0.9596722994366718,-0.0417652400296762,-0.6577974362967446,-1.0068574023198045,0.2449436433544916,-0.8974562499594654,-0.1556485270370568,0.0818138612988497,-0.2717609095342501,0.5833668565478177,-1.1718879911721731,-0.2355816640073322,0.6151558562887315,-0.0262440684568781,0.316615876966279,0.5218017743325051,-0.4320583552265064,-0.5385380670368178,-0.1008589196191232,0.2450416245255094,0.4514772028878656,0.362482359220838,0.2753588330693267,-0.1848975707167276,-0.3694531173512676,0.4666248219305712,-0.1925851391559516,1.3939048503309153,0.9618597186428486,0.0768835291978114,-1.0658115795268033,-0.222293473998612,-0.0017653847105562,-0.2313298726606051,1.482416505535135,-1.0059857285156475,0.0395020006487534,0.2116059612256597,-0.0160214097931015,-0.0420001095862725,-0.2804425897712598,3.380031597416261,42.58354883,23.26767581,2.91442406368616,1.4944084399919704,9.107594672512,13.563662158578467
49.68563103,-77.73230803,-0.5741730590265521,0.2583972684059069,-0.6891409335399659,0.7639835271093788,-0.2913711880198489,-0.8227966730834515,0.9732644123672276,-0.2017161748887536,-0.8687388972460833,-0.4417400196856608,-0.7245620532215614,0.2761475522031465,-0.0662732050854352,0.3614519463183481,-0.7877699560997632,0.0501069754022918,0.5674785107545427,0.5594538001682657,0.0593804281104403,0.3887257727604388,-0.5992140362206007,-0.0102611621395737,-0.326966698317899,0.5388636073119016,-0.2283602937443844,0.082696560434614,0.1621497445429605,-0.1596318700874045,-0.4817472002216366,-0.1616590626076641,-0.1839704752547684,1.7540339142782926,1.9654225392452165,2.7322259878858546,-0.4330014827351092,-0.5432139986093845,-0.1088576969712952,0.4425231403995884,0.8830695177013568,-0.9390451518894604,0.2063236425242949,0.1562009304452897,-0.2541077564156623,-0.1645552028163237,-0.2962393146387225,0.1789962249950723,49.68563103,-77.73230803,-0.1340386725139039,0.150682129398208,22.3260217870693,16.372787628980618
-37.92477162,175.5551514,0.3712192216184809,-0.572401501354593,0.4254183569042047,-0.9538753450940688,-0.2042014778350459,0.6641670167689282,-1.1144947539226568,-0.5711339145335885,0.7627083332828292,-0.0688812858252752,0.580015515442906,0.7904743130927139,0.1034775072853249,1.9465584479574167,-1.378720779288086,0.2181591162314824,1.7689476182161,0.2612803397772834,1.1950992023041431,1.3050909162877211,-0.4770198305140352,-0.9507864934779722,0.2373773124459424,1.0453472457197708,0.8792249473600717,0.7391440258555413,0.6554153299979891,0.5192670298775108,-0.2474302260903707,-0.3526830231778006,-1.0647935560969528,1.6298514784343696,2.333395573466085,-0.3706460986709598,-0.2823324120704203,-0.4429263346685183,0.560469254658322,0.2674719386828342,1.4041170178133824,-1.2291209839362716,1.6734541361187465,1.984490853451358,2.207046686890391,1.989046861180954,3.273980274727688,-0.1792563726443227,-37.92477162,175.5551514,-0.1038366463185232,1.3557585122190858,12.5893011127796,14.786706390032661
41.7481323,23.41142579,-0.4188586129205824,-0.7960780932131891,-0.2530090372792035,-0.4172848554559565,-0.9403012527289376,-0.0367586282793315,-0.6505482725249048,-1.8309431292198208,0.2400590708079978,-0.9285278111144976,-0.1556485270370568,0.0920419502938127,-0.3253663976513323,0.3614519463183481,-1.0832453676939249,-0.2624700065400027,0.4721238196861651,-0.1966289029660109,0.4767813451218012,0.3781731744578829,-0.4657082328627421,-0.413516132409246,-0.1993232854098381,0.2945726839646911,0.5331892678961524,0.263438130420516,0.1756537387931475,-0.324034130850221,-0.4146977420626243,0.4907782272545233,0.1920326795543162,1.4373687028762885,0.8949555306026905,0.1365541462469809,-0.8850086947291764,-0.2423510067867854,0.3730577082020295,-0.0355736900956327,1.3101576325472797,-0.9879223983149304,-0.0445023518725582,0.0339302065859032,-0.249702714244133,-0.1023243243863734,-0.6918422098694811,3.682125679750021,41.7481323,23.41142579,-0.0261062993420183,-0.0665384629955939,10.8613409660694,11.208050670534664
56.47521328,33.03642425,-0.2973081768376496,-0.8599856908870737,-0.6891409335399659,0.2052755083284769,-0.3785408982046519,-0.1919635925400176,-0.0053726968311557,0.03509006847332,-0.4926268111660646,-0.3070965880138549,-0.2782592007837173,-0.0701463180548861,-0.2270896694366816,0.2346434261872226,-0.7877699560997632,-0.2221374927409969,0.2146661538015457,0.176087922522717,-0.0765175448700027,0.3173461792535808,-0.524607581673071,0.2090308892388899,-0.300059267832288,0.1864558305305692,0.2888275494996176,0.3598825672785769,0.2627082126419207,-0.0384876874468768,-0.4300922458552898,-0.4671828052270763,-0.4625312983234872,1.2510950491104038,0.9953118126629272,0.1663894547715657,-0.7042058099315495,-0.7437893264911173,0.31951155207166,-0.127804968419514,1.2233163825286086,-0.8710420264279369,0.2965606214568113,0.4536486640405813,-0.0725343912046644,0.2362775819050284,-0.243736280383655,0.136393213383901,56.47521328,33.03642425,-0.0886563338632422,-0.1443049462966264,27.6583032580852,15.69526420394824
54.77729688,43.43433925,-0.2702969688192201,-0.987800886234843,-0.8829773318780825,0.5156902216890193,-0.165459384419578,-0.272069380545533,0.2700955264987596,0.2529518123664279,-0.2874747642133271,-0.0688812858252752,-0.3665388858813128,-0.1899610748530239,-0.361103389729387,0.2346434261872226,-0.96505520305626,-0.38346754793702,0.1860597464810324,-0.0794893292409821,-0.0522500496949236,0.3148336558482103,-0.396480703787826,-0.3495465489959634,-0.1885781139514434,-0.0634216148246661,0.5929984645545993,0.3593334732907717,0.2495145361454722,-0.07304982415413,-0.330149378961581,-0.1230455114698124,-0.6625699135763042,1.5925967476811926,0.4266262143215854,0.4349072314928285,-1.2767482784573685,0.9811584932917836,0.5336961765931377,2.2382096612359703,-0.5846899703191307,-0.8572288915685651,1.019633893924605,0.5357265802399814,-0.0180809963683201,0.1608187867198624,0.356432195249099,0.0027746769670455,54.77729688,43.43433925,-0.0992232264419467,-0.3116639857808733,9.14040282429736,15.381002550536499
41.71063231,23.50934244,-0.4391170189344046,-0.8280318920501314,-0.2530090372792035,-0.4326709626857232,-0.9790433461444058,-0.0467718517800209,-0.6650466000685845,-1.840415378954304,0.2254053531685166,-0.9595993722695296,-0.1605529539869232,0.1139592838544476,-0.3074979016123049,0.3614519463183481,-1.0536978265345085,-0.2456647924570836,0.4816592887930029,-0.1859798508091901,0.510755838366912,0.4151311973111656,-0.4415065147922422,-0.4206560985095444,-0.1625890396108081,0.263026487198185,0.4763034814736386,0.2782804770908816,0.191516147971747,-0.3086563760041732,-0.4008248821779614,0.407992711085487,0.261057703934189,1.4311595810840922,0.7611471545223749,-0.8181757265397311,-0.794607252330363,-0.1420633428459192,0.4533769423975836,0.1074789048556933,1.0325503578974298,-0.8614790869099102,-0.3854957060484885,-0.4925991136877909,-0.4599148368751637,-0.3426792576258797,-0.7909447302948099,3.993902264722684,41.71063231,23.50934244,-0.0261062926938261,-0.0768830623533003,8.6098971031765,12.03791961444119
-45.79352036,167.5280694,0.053837527401934,-0.4126325071698814,0.522336556073263,-0.9467592705003016,-0.6109934586974599,0.4388694880034161,-1.0927472626071373,-0.7984679081611793,0.4500956903072291,-0.555669077254112,0.3396985948994514,0.9161336921736878,0.0856090112462975,2.136771228154105,-1.4673634027663345,0.1475772170832223,2.2552565426648257,0.6233481131091905,0.9233032563432568,1.1828466822854744,-0.5851957430516915,0.4675685782115443,0.0814064558060745,1.2915488011292051,-0.4599933453327888,0.5557354279288714,0.5034113502917484,0.1453340615663583,-0.3288543628696638,0.2098863506661409,-0.951981018362228,1.381486606746523,1.7312578811046644,0.3155659973944895,-1.0959453936597414,-0.2824660723631318,1.4172077527442326,2.8499477317515094,-0.4807651957066229,-1.280123328032414,1.9778403954063848,1.2647819737414416,2.062948636282683,3.432091365728411,1.6138025203059083,0.1054092049394127,-45.79352036,167.5280694,-0.1334128104195158,-0.7462682848937611,15.9175875034329,16.862180287369053
47.59188136,8.77392813,0.0876015374249709,-0.9558470873979006,-0.3499272364482618,-0.3526632050909365,-0.1945159544811789,0.3387372529965219,-0.6360499449812249,0.224535063162979,0.0007150160298041341,-0.0999528469803074,0.1778525055538596,0.4164184869912103,-0.0037334689488393,1.0906009370723198,-1.0536978265345085,0.1072447032842166,1.0156455587759172,0.6978914782069361,0.2972018808262157,0.689494765045231,-0.5292604326265279,-0.8522452909108746,-0.1132486363327277,0.5037868947782419,-0.1457135979901861,0.5770044154565076,0.459247961972198,0.2234612624455099,-0.3442164912600314,-0.7994294643751162,-1.03186201600218,1.859588984745628,1.6309015990444276,-0.4899873327692989,-0.4330014827351092,-0.8440769904319835,0.2391923178761059,0.4575813082892017,0.636782038140208,-0.7637245940589702,1.143424941725821,1.1652062005494357,-0.0332947964511134,0.2587534339725549,-0.2366930033055908,0.3726462777731236,47.59188136,8.77392813,0.1514588025277622,2.2268932644711,5.74234749223328,5.4015193133025345
41.59188232,24.44475896,-0.1352409287270725,-0.6682628978654199,-0.3014681368637326,-0.3278531071829378,-0.4366540383278539,0.1334661712323887,-0.520063324631787,-1.4899421387784344,0.4500956903072291,-0.4106684585306287,0.0209108431581342,-0.0043943173729811,-0.3789718857684144,0.4565583364166922,-1.1718879911721731,-0.3431350341380142,0.4625883505793274,-0.2339005855148836,0.316615876966279,0.6165518236416979,-0.2885391570759735,-0.5674686294522481,0.0747453395386622,0.2129346987842199,0.5952693065203689,0.4659305459233523,0.3868404860998819,-0.1435907258756152,-0.1776450464371833,-0.3210868957437531,-0.770021757240179,1.6360606002265654,1.0287639066830063,-0.221469556048036,-0.6740719957986121,-0.202235941210439,0.2659653959412905,1.093788901625362,0.1484779601663697,-0.7584118498822887,0.9201993758086612,0.758924438894627,0.2045990044523966,0.4244989608739788,0.2102390466672245,2.307210305025857,41.59188232,24.44475896,-0.0458301558501502,0.8570553089444211,7.44141273589197,4.715359893068545
41.71479897,23.46767578,-0.4593754249482267,-0.8280318920501314,-0.2530090372792035,-0.4351712051105603,-1.0080999162060067,-0.0567850752807104,-0.6722957638404243,-1.8593598784232692,0.2107516355290354,-0.9906709334245618,-0.1752662348365224,0.1256485284201196,-0.2896294055732775,0.3614519463183481,-1.0536978265345085,-0.2322206211907484,0.4816592887930029,-0.1859798508091901,0.535023333541991,0.3596084181848679,-0.4668203216832226,-0.4298751969505616,-0.2097609896126462,0.2802221757582029,0.5115684620220605,0.2406283179271001,0.151588596990727,-0.3416790899846043,-0.4375224006826646,0.5877757985004559,0.2280740984796908,1.5988058694733884,0.9618597186428486,-0.0126223963759427,-0.97541013712799,-0.222293473998612,0.212419239810921,-0.2106248918123869,1.1962674685883663,-0.8041014498017497,-0.4861157095325694,-0.4534001628621228,-0.3776590177084006,-0.2456608836534159,-0.7625910251343969,3.9551722541670737,41.71479897,23.46767578,-0.025429220859406,-0.0506475730569166,12.8203464271587,12.016940621663135
42.22938222,23.3489258,-0.2702969688192201,-0.7002166967023622,-0.2530090372792035,-0.3586253216424711,-0.6884776455283959,0.0333339362254944,-0.5635583072628262,-0.7889956584266964,0.3524042393773541,-0.6592409477708857,-0.0771776958391941,-0.0277728065043251,-0.3700376377489007,0.4565583364166922,-1.2014355323315893,-0.3263298200550951,0.4816592887930029,-0.1700062725739589,0.2292528943359941,0.5501932888131913,-0.3802956755823194,-0.5005012273151382,-0.0439997282554156,0.2076804606131034,0.3196727544746625,0.3836336837510872,0.30319433557967,-0.1776961272407666,-0.3123752831000176,0.1951485795036904,-0.47133436770007,1.232467683733815,0.4266262143215854,-0.102128321949697,-0.4932691110009852,-0.061833211693226,0.212419239810921,2.571371625793664,-1.0744176753424557,-0.6797832360674021,1.5134691517119037,0.4693606271685339,0.3661801529138882,0.4200760041880242,0.4963496033575701,2.835874949109937,42.22938222,23.3489258,0.0062824829034092,0.047321755709869,5.71703737763256,4.556904040260681
40.1002159,40.56558971,-0.1892633447639315,0.2264434695689646,-0.3014681368637326,0.0166033684234632,-0.078289674234775,-0.1368908632862258,0.1396105786056418,-0.6090229134715204,0.6552477372599667,-0.2967394009621775,-0.1556485270370568,-0.2337957419742939,-0.2896294055732775,-0.1457821342061538,-0.521842085665018,-0.3162466916053437,-0.147681672258289,-0.8089494019832068,-0.0279825545198445,0.1785472077026151,-0.1018644791191055,-0.8183344812606992,0.0136422909235028,0.0402301745509971,-0.0507589387815157,0.2432617278686146,0.3078128981478112,-0.2543587800393423,-0.2523836626419539,-0.7229584481550418,-0.3673501562171619,2.0644900038881007,2.0992309153255326,-0.2513048645726208,0.229942428189523,-1.064709851101889,-0.1088576969712952,-0.5720209211631053,1.576375890801238,-0.8837926124519726,-0.319434515856756,-0.2460312703760864,-0.3540904612509172,-0.1719958587018624,-0.460136453685979,3.6337131665555087,40.1002159,40.56558971,-0.0341513697527239,1.8002244873712954,7.86610340061049,17.577247250020463
46.73146484,-53.5198119,-0.2635441668146127,-1.594923064136747,-0.6406818339554368,-0.4503649859999548,-0.8725025892518687,0.1034265007303203,-0.8027807117335422,-1.4804698890439516,0.2840202237264416,-0.638526573667531,-0.0281334263405299,1.1659912947649265,0.2910967156951125,2.7074095687441693,-1.4673634027663345,0.3962943855104244,2.4936432703357694,0.7724348433046816,1.2630481887943648,0.525430974806929,-0.633270607495731,0.2582370213025713,-0.2773511927585044,1.4100702922065262,-0.4068460818939212,0.4486508943071169,0.2573190276519955,-0.0162079877098527,-0.5183314048182971,1.317700095219969,-0.7297532186141062,1.381486606746523,0.9953118126629272,0.3155659973944895,-1.4575511632549951,0.0785695178239869,0.0785538494849977,0.0246589814628203,1.06814103413459,-0.8412906590385204,0.6792529477449571,0.8698569622186798,-0.1527953321327664,-0.0043961763879854,-0.1790826087439872,-0.0553203388663698,46.73146484,-53.5198119,-0.1338112566242775,-0.7667287122371518,19.2869937523838,15.46347864198365
-3.933110392,-74.41147523,1.2153194721944034,-0.3806787083329391,2.266864141116313,-1.517583848724645,0.5900114371820478,1.470231508574427,-1.687178691898007,1.0296762905940295,1.1437049919093416,0.8218368006189791,1.379437108271132,2.8989218016257987,1.175587269626968,4.609537370711052,-1.4378158616069183,1.444939744284574,4.600981942946913,2.6786151793756043,2.0881430247470547,1.892419185153599,-0.6487226680695573,0.8946771598321004,0.3840978548766164,3.122889632771108,-0.1913646925820495,1.3067055012505415,1.1991282382857726,2.5287962131282797,0.0924629349344438,-1.4105537396039654,-1.0829114272532712,0.2390081969824299,2.266491385425927,3.5079440095250587,-1.789023118717311,-0.663559195338424,0.1856461617457364,2.9685308038822136,-0.6957328801790706,-1.1866190305228193,1.837509166607492,1.9249233116675104,2.70055289536198,2.227922188664228,2.741140572371873,-0.1153518552275657,-3.933110392,-74.41147523,-0.1328793166826482,-0.7141155313532979,13.0170923369412,13.354963521147445
58.87521289,26.25100867,-0.2230273547869684,-1.3712464722781506,-0.7860591327090242,0.0279506225054161,-0.4560250850355879,-0.0317520165289868,-0.2953392477047508,-0.0880491780749582,-0.2093216034694271,-0.2967394009621775,-0.1654573809367896,-0.113980985176156,-0.3432348936903597,0.266345556220004,-0.8764125795780117,-0.3128856487887599,0.2242016229083835,-0.0528666988489301,-0.0571035487299394,0.2740789309601455,-0.5256484416641406,-0.1190690879705312,-0.3221969102345228,0.1137272057272086,0.7659051525482342,0.4236559118622317,0.2625685696527384,-0.0078399972453756,-0.4528359659695854,-0.3860925757608951,-0.5551380413570206,1.8347524975768428,1.162572282763322,0.4050719229682437,-0.6439381816656741,-0.202235941210439,0.2659653959412905,0.5008735409718399,0.776297488989876,-0.8922930031346629,0.4772205700033093,0.2652822599297492,-0.22946717642086,0.0099696314736922,-0.1974131888317702,-0.1908753758110057,58.87521289,26.25100867,-0.130987906531766,-0.4698444558058658,4.68826460646676,11.700962817493222
54.06688033,37.51350686,-0.2297801567915758,-0.9238932885609584,-0.7860591327090242,0.3500972426286556,-0.2235725245427799,-0.1969702042903623,0.1178630872901222,0.1961183139595302,-0.4828576660730771,-0.1310244081353395,-0.2831636277335837,-0.105214051751902,-0.2806951575537638,0.2980476862527854,-0.8764125795780117,-0.2591089637234189,0.2528080302288967,0.1175181356602026,-0.0522500496949236,0.35189138201123,-0.4581051297491672,-0.0805003771849467,-0.2245679653422111,0.039357929479112,0.70275423266016,0.3803783408233853,0.2774172741691255,-0.022018260258559,-0.378890547121114,-0.2296949937696306,-0.6721535864463085,1.6422697220187616,0.7611471545223749,0.0470482206732266,-0.2823324120704203,-0.4028112690921714,0.1856461617457364,0.0246589814628203,1.17918394399453,-0.924169468194752,0.3564773694983625,0.4771101977828352,-0.1408481122880853,-0.043538911971286,-0.0102245557185979,0.0802346980782661,54.06688033,37.51350686,0.1602818576817248,1.6249336492752957,4.64572627036899,13.745877897562368
41.62104899,24.67809225,-0.2095217507777537,-0.7002166967023622,-0.2530090372792035,-0.3565097318983782,-0.5722513652819918,0.0934132772296309,-0.5635583072628262,-0.7132176605508328,0.3914808197493041,-0.5453118902024346,-0.0232289993906635,0.0657411500210507,-0.334300645670846,0.5516647265150363,-1.1718879911721731,-0.2994414775224246,0.5388721034340295,-0.1700062725739589,0.3894183624915163,0.6333737660605117,-0.3072723392110524,-0.5038213921383018,0.0673539885392319,0.244688572948794,0.6732667521446491,0.4771645606738555,0.4005720467028104,-0.1128951159005165,-0.1771432277015653,-0.3645795647093339,-0.6686248161091898,1.344231875993346,0.9618597186428486,-0.0126223963759427,-0.7042058099315495,-0.4228688018803448,0.7211077230494302,1.7751709986303623,-0.3925003186384656,-0.7392859708462353,1.1536844277034215,0.721410715049515,0.34147309175139,0.462175999309887,0.2561557953107596,2.6383518952763247,41.62104899,24.67809225,0.0471381633522622,1.1759103776295206,10.7088390777428,5.8974595851754135
67.44604485,86.70933233,-1.107644417390535,-0.6682628978654199,-1.02835463063167,1.2480689258259123,-0.5528803185742579,-1.1532330486062026,1.2559817994689828,-1.1584133980715312,-1.0445835089198583,-0.7317412571326274,-1.1463427709100735,-0.3010088982269078,-0.5219198540806336,0.0761327760233157,-0.8764125795780117,-0.4574104899018638,0.0620986480921416,-0.239225111593294,-0.178441024605335,-0.1400128431716335,-0.5931526926081466,0.1448840154709724,-0.5919913357681912,-0.0507740612823342,0.06028284298466,-0.2017173162488247,-0.2460474006872211,-0.4438979570399384,-0.5767366305637622,-0.0812126876732292,0.1692130373137763,1.4435778246684847,1.3967369409038748,0.2260600718207352,-1.2164806501914929,-0.7638468592792902,0.6140154107886918,-0.7451898518936578,-1.2779963434190118,1.3443722952482573,-0.0041137849651081,-0.0151728299398522,-0.5352069753296753,-0.3780054327940097,-0.386827317114029,-0.2780178995611289,67.44604485,86.70933233,-0.1336928355455634,0.154748743958794,8.71770751710776,14.040366758301149
43.13146541,-8.742735735,0.3036912015724071,-1.4032002711150928,0.0377455602279714,-0.9167563614022568,-0.3204277580814499,0.7142331342723753,-1.2739763569031342,-0.5806061642680715,0.7236317529108792,-0.1206672210836621,0.5358756728941082,0.8284643579311479,0.5412556602414959,0.519962596482255,-0.5809371679838502,0.6046790401386208,0.672368670929758,-0.2339005855148836,1.5445511328252826,1.02154666779308,-0.4345329826224932,-0.1868745899659153,0.1309895963911969,1.0964774211240749,2.388832879004509,0.7773845000062567,0.5868247624966566,0.4975593724378078,-0.3176686613757291,0.1129537555656141,-1.0503266754921885,1.9216802026675888,1.4636411289440323,-0.1617989389988665,-0.6439381816656741,-0.6435016625502507,0.6943346449842459,1.1408456762804036,0.4189670995687874,-0.986859849479594,1.5747875795262718,1.5485555108374678,0.7798086932140763,1.1058390570242027,0.5405506819436278,0.4171857899120754,43.13146541,-8.742735735,0.0308489091755796,1.19826296462013,4.51961195479172,12.22753617338259
61.78354576,24.29475898,-0.358083394879116,-0.891939489724016,-0.6891409335399659,0.0519914150519265,-0.4947671784510559,-0.1919635925400176,-0.0923626620932342,-0.2585496732956512,-0.3070130543993021,-0.4624543937890156,-0.2684503468839844,-0.131514852024664,-0.3164321496318186,0.2980476862527854,-0.8764125795780117,-0.2994414775224246,0.2242016229083835,0.0057030880135842,-0.0473965506599078,0.1676476418821747,-0.562370349781745,-0.1575249776213481,-0.405429510008349,0.1326466166911897,0.8568105419779426,0.3088448414120762,0.2183482897450024,-0.0938125635582059,-0.5011724416003944,-0.4822927124950316,-0.3523259561165613,1.4373687028762885,0.627338778442059,0.7630956252632609,-1.5479526056538089,0.1387421161885068,0.1321000056153669,-0.4797896428392241,-0.7242054211687987,0.781221412520016,0.2507292065610079,0.1075413716378861,-0.1461850680175535,0.1569395892118868,-0.2787175031183481,-0.014653827782979,61.78354576,24.29475898,-0.0922667609328171,0.0279579411331044,18.2039593966739,11.63203908099696
42.6002155,23.26975914,-0.3513305928745087,-0.7960780932131891,-0.3014681368637326,-0.3820891351678653,-0.8434460191902678,-0.0117255695276079,-0.6143024536657054,-0.9121349049749746,0.2937893688194291,-0.7938843794426916,-0.1262219653378583,0.0467461276018337,-0.2896294055732775,0.5833668565478177,-1.2014355323315893,-0.2591089637234189,0.6056203871818937,-0.0475421727705197,0.2680808866161208,0.5218017743325051,-0.4320583552265064,-0.5385380670368178,-0.1008589196191232,0.2450416245255094,0.4514772028878656,0.362482359220838,0.2753588330693267,-0.1848975707167276,-0.3694531173512676,0.4666248219305712,-0.3101027007916265,1.455996068252877,0.8280513425625327,0.0470482206732266,-0.9151425088621143,0.0585119850358135,0.3730577082020295,-0.0732191098196659,1.32581753009163,-0.9783594587969036,0.2747892122514213,0.4072962921520942,-0.0491409979158369,-0.0560061390917949,-0.2062624343913896,3.1244135277492333,42.6002155,23.26975914,2.914423850944011,1.6629377280067186,10.9162520709583,8.349660255130656
29.55855092,94.55933107,-0.250038562805398,0.6098890556122722,0.2800410581506172,-0.4915228228395806,-0.8047039257747998,-0.1368908632862258,-0.4040767042823489,-0.3532721706404808,-0.2679364740273521,-0.7317412571326274,-0.0281334263405299,-0.2600965422470558,-0.0394704610268941,-0.5896119546650931,0.9555349723057892,-0.0036697096630491,-0.6149196584933391,0.5221821176193929,-0.5764279454766326,0.4814139576242721,-0.6102407185542501,-0.0230421849782567,-0.2660133377087488,0.0809972477917157,0.2528239477223294,0.1507674059228254,0.2627340724547322,-0.2559311476105128,-0.4718403271184701,-0.6917698983603567,-1.03314175073343,1.4808325554216617,1.0956680947231645,-0.0424577049005275,-0.1919309696716068,-0.202235941210439,-0.3230423214927726,1.0354385010531109,0.2324719560860678,-0.7881632172717052,0.936616053297672,0.2927957324037523,-0.3416871658876196,-0.0638849797380225,0.0603888119102012,6.888970553754552,29.55855092,94.55933107,-0.1225913883758904,-0.3413262515490995,10.6891916542472,12.35012850200754
-44.03518731,171.5551521,0.2091519735079038,-0.572401501354593,0.4254183569042047,-0.8863687996234676,-0.4657106083894549,0.5139686642585869,-1.0927472626071373,-0.3343276711715148,0.4354419726677478,-0.2967394009621775,0.4279782799970469,-0.0146224063679441,-0.450445869924524,0.6784732466461618,-1.4673634027663345,-0.4069948476531066,0.8535425839596754,-0.1859798508091901,0.2001319001258992,0.7440763449276122,-0.1461871926461104,-0.3363787108380768,0.2448758724226497,0.1474540151734272,-0.2515635179146231,0.6401670330537259,0.5579600394364139,0.2423850805377786,-0.2485471774696492,0.3786175864398491,-1.0627985521050634,1.5988058694733884,1.931970445225138,-0.1916342475234513,-0.613804367532736,-0.8440769904319835,1.3101154404834936,1.5587098352171718,0.5072319766369447,-1.2886237187151044,2.260310233361138,3.3423492629623843,1.6961312589883049,1.845791232532256,2.479619040589195,-0.2063673800332499,-44.03518731,171.5551521,-0.1121479602048623,0.3929610293278286,13.8040141430792,16.678329395231735
-0.643527585,-90.33230601,0.7358705298672794,-1.4032002711150928,0.8615502531649671,-1.266597974539076,0.0185655593038949,1.1598215800530547,-1.6654312005824874,0.5465915541353993,0.8652843567591979,0.2936202609834329,0.9625608175324866,0.9263617811686508,0.3089652117341399,1.78804779779351,-1.2014355323315893,0.3257124863621644,1.94058606213918,0.7937329476183232,0.9912522428334786,-0.0556797956637543,0.5524205708081003,0.4950002312650607,0.4534479034985295,-0.2790530572385133,-0.7987718919461011,1.1263897592551824,0.9027023759896354,1.6824850916214495,-0.3588177976963976,0.1625837168108686,-1.083402283207056,1.6795244527719386,3.270054206028296,-0.2811401730972055,-1.1260792077926791,-0.9042495887965032,0.4801500204627679,0.2110038090967845,1.219045501380149,-1.0591131702824628,0.6181827574933515,1.0233847780907477,1.7770063862325505,1.8815638184652612,-0.1953905588077669,1.1821034983853782,-0.643527585,-90.33230601,-0.1288119630014649,-0.531626065382912,7.24365531779175,9.074815122849552
43.32938205,22.86142588,-0.0407017006625692,-0.6043553001915353,-0.3499272364482618,-0.2466913915459187,-0.2913711880198489,0.1384727829827333,-0.4185750318260287,-0.0691046786059923,-0.1409375878185146,-0.2449534657037906,0.0405285509575999,-0.0277728065043251,-0.2896294055732775,0.7418775067117246,-1.1127929088533408,-0.2658310493565865,0.634226794502407,-0.0422176466921093,0.0982084203905669,0.606150774369942,-0.4592815542865351,-0.5347182657596831,-0.0839300152638324,0.3214876747542843,0.306872376867613,0.4345257316208233,0.3428322566572007,-0.0536498033117355,-0.3628647229836388,0.0860772590569366,-0.8682526646078951,1.4001139721231115,1.7312578811046644,-0.1916342475234513,-0.5234029251339226,-0.6033865969739043,0.5069230985279528,1.105082527542572,0.4246616077667333,-0.9709216169495496,1.1676472281369716,1.2312012014834697,0.4451770652401993,-0.0556375593679654,0.6336483571677864,1.4551500728024307,43.32938205,22.86142588,-0.0981412265192843,0.1947696222798819,7.05919898372069,9.13328361074281
36.23354985,139.6759905,0.4184888356507326,-0.4126325071698814,-0.4468454356173201,-0.0587885570023933,0.4640996335817768,0.3287240294958324,-0.1286084809524336,0.8875925445767854,0.0886373218666916,0.625050246637109,0.3298897409997186,0.8883717363302168,0.6216638924171192,0.3931540763511295,-0.3150092975491049,0.7088713674527191,0.4053755359383008,1.6509816462423974,-0.0571035487299394,1.431231555634487,-0.5569983174216551,-0.0070215838412442,0.2388478959644388,1.0120357910696878,-0.3213978842619522,0.7647441322869872,0.6973082267526863,0.6415523021268307,-0.0632627501185977,-0.6469954272535929,-1.0739165693165598,1.9651440552129624,1.664353693064506,-0.3706460986709598,0.6819496401835903,-0.8440769904319835,0.5872423327235069,0.6345147809921576,0.7748738619403898,-0.9666714216082044,1.0400388715911657,1.423807398293074,0.3504970238505369,0.1794931334877289,0.1931037756858817,-0.3206209111723002,36.23354985,139.6759905,1.8300786056431824,2.288880009617017,15.4639712459358,18.475011937109564
-1.143527504,103.567663,1.2625890862266549,-0.8280318920501314,2.654536937792546,-1.5452788417382248,0.5512693437665798,1.575370355331666,-1.868407786194004,1.0580930397974784,1.2023198624672666,0.8839799229290435,1.4186725238700637,2.464958597125226,1.5597599344660569,2.580601048613044,-0.96505520305626,1.623075013563516,2.817849219968253,1.709551433104912,3.0928173249953304,2.463778971932012,-0.5719494784854301,0.4543523881387573,0.7414840376564077,2.619355013415802,0.5787949456487004,1.3645788869652289,1.1925443299439542,2.687921308823663,0.037149560108431,-1.0652823167632584,-1.083402283207056,0.2390081969824299,2.366847667486164,7.177686958048982,-1.3671497208561818,0.0785695178239869,0.31951155207166,2.0763343564226275,-0.2088524292547188,-1.0463625842584272,1.513331158625655,1.9416946284955765,2.1580485062463444,1.0922527988708195,1.9365329721528752,-0.3186844106445197,-1.143527504,103.567663,0.0041746735782429,0.1950894312729828,3.60208574863501,4.916102872993814
-1.233110823,103.6197463,1.2625890862266549,-0.8280318920501314,2.5091596390389586,-1.5397013778674344,0.5706403904743138,1.5703637435813214,-1.8466602948784845,1.0580930397974784,1.197435289920773,0.8839799229290435,1.4186725238700637,2.454730508130263,1.497220198329461,2.5488989185802624,-0.96505520305626,1.6096308422971808,2.78924281264774,1.7202004852617327,3.053989332715204,2.4498484254955684,-0.568153671189079,0.3943476617473108,0.7377297006408241,2.627807483517164,0.6106584439683957,1.359950809068014,1.1895290757701285,2.6633863847417025,0.0383636376946034,-1.100759292154713,-1.0822323443077402,0.2203808316058414,2.768272795727112,8.758958309851975,-1.24661446432443,-0.2824660723631318,0.4266038643323987,2.29467779082202,-0.3554860153518189,-1.0601757191177992,1.6372107019930524,1.9320855413975735,2.187929131878936,1.1875816694893162,2.0068832179894107,-0.3167479101167391,-1.233110823,103.6197463,0.0041746868746273,0.1787324375184831,4.50316885861672,4.993837009023755
43.49396535,-7.55940259,0.1078599434387931,-0.9558470873979006,0.1346637593970297,-0.8215548229180756,-0.4463395616817209,0.5189752760089316,-1.0854980988352974,-0.9310794044439406,0.6210557294345104,-0.3485253362205645,0.3740295835485163,0.8182362689361848,0.3983076919292768,0.7735796367445059,-0.7877699560997632,0.4971256700079388,0.9012199294938642,-0.1487081682603173,1.4377741540549345,1.0064755154932468,-0.4828904646800019,-0.253600232528523,0.0828891761899229,1.3356594804788162,2.487585820195925,0.6173908385595637,0.5009908718125883,0.2603939304529184,-0.3772232139027707,0.5665404127974458,-1.014537668117308,1.7788704014470773,1.86506625718498,-0.1617989389988665,-0.6439381816656741,-0.7638468592792902,0.7211077230494302,0.2486492288208177,0.9613690054231092,-0.8880428077933178,1.1640300493317128,1.1852321925170344,0.4072322739660964,0.7200589460826201,0.093438035122657,1.5171180896914072,43.49396535,-7.55940259,-0.109457463429409,0.4522939247608659,18.8202906485897,18.96408164435171
60.47104597,-150.7281297,-0.4323642169297972,-0.7641242943762468,-0.4468454356173201,-0.1007156992035075,-0.8337604958364008,-0.1969702042903623,-0.33883423033579,-0.7416344097542816,-0.0530152819816271,-0.7110268830292726,-0.263545919934118,-0.1928833859944419,-0.1734841813195995,0.0761327760233157,-0.4036519210273533,-0.1986101930249103,0.0334922407716283,-0.3244175288478604,-0.0328360535548603,0.072438957348192,-0.5671863377315949,-0.5571213196635537,-0.4573591112282112,0.3397840535240619,1.5883395728310037,0.2776529411048186,0.19076104143765,-0.1733773576452848,-0.4954419953936608,-0.6660157170905031,-0.1154223779418906,1.189003831188442,0.5269824963818222,1.3896371042795408,-0.97541013712799,-0.0417756789050526,0.9085192695057231,0.8490936734191467,-0.150483720225776,-0.3897074040205912,0.4226150558574719,0.0176027491549622,-0.2983501979036498,-0.0836194422612699,-0.3133990400556804,-0.1850658742276642,60.47104597,-150.7281297,-0.1283628801139504,-0.4696437589715856,13.737404975881,13.792871295011391
41.61688232,24.66559225,-0.1960161467685389,-0.7002166967023622,-0.3014681368637326,-0.3486243519431228,-0.5528803185742579,0.0984198889799756,-0.5563091434909864,-0.6942731610818669,0.4012499648422916,-0.5245975160990799,-0.018324572440797,0.0555130610260877,-0.334300645670846,0.519962596482255,-1.1718879911721731,-0.3028025203390084,0.5293366343271917,-0.1753307986523693,0.3797113644214847,0.6408993718794546,-0.3093747385307626,-0.4993568986624944,0.0697752931769763,0.2652070998778975,0.6497025836198512,0.4565231091322825,0.3754104488371806,-0.1671358071342002,-0.17363049655224,-0.2459154024317907,-0.6293272190896639,1.269722414486992,1.162572282763322,-0.0722930134251122,-0.7042058099315495,-0.4830414002448646,0.667561566919061,0.7305106012884421,0.410425337271869,-0.7488489103642619,0.5409253782548649,0.3170039262174672,0.2753854925682659,0.5748794881964301,0.1702819940128209,2.516352362026152,41.61688232,24.66559225,0.0471381633522622,1.4197675595182109,4.25720912027034,5.249217917613865
41.70854897,23.46975911,-0.4863866329666562,-0.8599856908870737,-0.2530090372792035,-0.4413256480024669,-1.0565275329753416,-0.0718049105317445,-0.6867940913841041,-1.8877766276267185,0.1912133453430604,-1.0320996816312713,-0.1899795156861217,0.1490270175514636,-0.2717609095342501,0.3614519463183481,-1.0241502853750923,-0.2120543642912455,0.4911947578998407,-0.1700062725739589,0.5689978267871019,0.3126960168874506,-0.4891884718224343,-0.3917738880090146,-0.2493332390931761,0.3075940568235454,0.6231624169399131,0.2263910952432953,0.1350434887539028,-0.3588658162839607,-0.4490156684984297,0.6324085034717891,0.3397679663182791,1.6298514784343696,1.0287639066830063,-0.8181757265397311,-0.7644734381974255,-0.3025236051513052,0.4266038643323987,-0.2746221053432433,1.1578295382522337,-0.7392859708462353,-0.592576080874583,-0.5613013518554495,-0.5443179977585039,-0.4405986042565935,-0.8629125742847753,4.150758807472906,41.70854897,23.46975911,0.0081696919162346,-0.0530879966718544,10.7376164776888,11.923158005906261
48.1877146,-77.59480805,-0.4863866329666562,0.1305820730581377,-0.6406818339554368,0.6589733452662213,-0.3107422347275829,-0.7276710498269019,0.8210319731585902,-0.1448826764818559,-0.4828576660730771,-0.3692397103239192,-0.626473514224233,0.3258268416072524,-0.0573389570659215,0.8369838968100687,-0.96505520305626,0.0366628041359565,0.7677233619981356,0.5221821176193929,0.2195458962659625,0.3996532555076055,-0.5997241265473501,0.3893351799026319,-0.320441110380252,0.5732134489523237,-0.1965135279444369,0.1383063341995739,0.1957778451230891,-0.0934576577349987,-0.5042319171175487,-0.3312468021162642,-0.4047084506452905,1.6671062091875466,1.5974495050243485,0.494577848541998,-0.5234029251339226,-0.4429263346685183,-0.0017653847105562,0.4764040181512183,0.942861853779786,-1.0027980820096387,0.3407476575908927,0.3393502256491633,-0.1859960272800908,0.0868145522576847,-0.051733011701787,0.2448372429396097,48.1877146,-77.59480805,-0.1323677869106379,0.0879175418698966,16.4377014101514,16.611759509639782
60.8897959,68.68850188,-0.6281954750634112,-0.7321704955393045,-0.9798955310471408,0.9547712567584854,-0.2429435712505139,-0.7677239438296596,0.9297694297361884,0.0540345679422859,-0.9029309050715396,-0.2863822139105001,-0.7883196035698249,-0.2352568975450029,-0.3253663976513323,-0.0506757441078097,-0.521842085665018,-0.309524605972176,-0.0523269811899114,0.0376502444840466,-0.2366830130255249,0.1706985631601245,-0.5501465635731569,-0.7419223384130367,-0.3955217822592495,-0.0392687334293753,0.7567142184867768,0.1053775039308919,0.0380174710849993,-0.2612143026496458,-0.4537586649350765,-0.4747495727056732,0.0264585985721071,1.331813632408954,1.2629285648235589,0.1962247632961505,-0.8548748805962391,-0.7237317937029438,0.6943346449842459,-0.2445057695640167,0.2580972429768232,-0.0847558882790717,0.1198040730413699,0.1057538176553521,-0.2362498067530863,0.0330340645135456,-0.2832418409176699,-0.2838274011444704,60.8897959,68.68850188,-0.1237799654671122,-0.4974452044847036,6.63610557352112,11.068879344926769
59.8481294,12.28642757,-0.2095217507777537,-1.2753850757673235,-0.6406818339554368,-0.1522591584232258,-0.5335092718665239,0.0483537714765285,-0.4693191782289078,-0.1543549262163388,-0.1555913054579958,-0.3795968973755966,-0.0967954036386598,0.0321345718947437,-0.2985636535927912,0.4565583364166922,-0.96505520305626,-0.2322206211907484,0.4053755359383008,0.1068690835033818,0.0448199310053928,0.2313740093336265,-0.5437819230096628,0.3666581318143254,-0.3586499853195623,0.3071579342876029,0.1066797298852816,0.4049082742785988,0.2558501902842999,-0.057300691062701,-0.4604279978084499,-0.6086772222312212,-0.5542580007210275,1.617433234849977,0.7276950605022958,0.1962247632961505,-1.5178187915208703,-0.4028112690921714,0.3730577082020295,0.8980327190603897,0.4374742512121109,-0.8636041845805827,0.7944014285574404,0.5617788341983392,-0.035938946030896,0.2297670845025306,0.3548068236156996,-0.0940503494219801,59.8481294,12.28642757,-0.0613416712666859,1.1526539028676328,12.238692521494,12.102827585654037
41.7168823,23.46767578,-0.4593754249482267,-0.8280318920501314,-0.2530090372792035,-0.4351712051105603,-1.0080999162060067,-0.0567850752807104,-0.6722957638404243,-1.8593598784232692,0.2107516355290354,-0.9906709334245618,-0.1752662348365224,0.1256485284201196,-0.2896294055732775,0.3614519463183481,-1.0536978265345085,-0.2322206211907484,0.4816592887930029,-0.1859798508091901,0.535023333541991,0.3596084181848679,-0.4668203216832226,-0.4298751969505616,-0.2097609896126462,0.2802221757582029,0.5115684620220605,0.2406283179271001,0.151588596990727,-0.3416790899846043,-0.4375224006826646,0.5877757985004559,0.2280740984796908,1.4497869464606803,0.9618597186428486,-0.0424577049005275,-0.9452763229950524,-0.1621208756340922,0.2391923178761059,-0.1334517813781189,1.140746013658397,-0.8062265474724224,-0.4260860870787024,-0.4051852539163966,-0.3776590177084006,-0.2456608836534159,-0.7625910251343969,3.9241882457225854,41.7168823,23.46767578,-0.025429220859406,-0.0506475730569166,9.46997436451234,12.081928764009655
47.59188136,8.77392813,0.0876015374249709,-0.9558470873979006,-0.3499272364482618,-0.3526632050909365,-0.1945159544811789,0.3387372529965219,-0.6360499449812249,0.224535063162979,0.0007150160298041341,-0.0999528469803074,0.1778525055538596,0.4164184869912103,-0.0037334689488393,1.0906009370723198,-1.0536978265345085,0.1072447032842166,1.0156455587759172,0.6978914782069361,0.2972018808262157,0.689494765045231,-0.5292604326265279,-0.8522452909108746,-0.1132486363327277,0.5037868947782419,-0.1457135979901861,0.5770044154565076,0.459247961972198,0.2234612624455099,-0.3442164912600314,-0.7994294643751162,-1.03186201600218,1.859588984745628,1.6309015990444276,-0.4899873327692989,-0.4330014827351092,-0.8440769904319835,0.2391923178761059,0.4575813082892017,0.636782038140208,-0.7637245940589702,1.143424941725821,1.1652062005494357,-0.0332947964511134,0.2587534339725549,-0.2366930033055908,0.3726462777731236,47.59188136,8.77392813,0.1514588025277622,2.2268932644711,4.35275281637376,5.4015193133025345
43.11688208,23.1218425,-0.2297801567915758,-0.7960780932131891,-0.3499272364482618,-0.3165058531009849,-0.6497355521129279,0.0433471597261838,-0.5490599797191464,-0.3816889198439296,0.3817116746563166,-0.5763834513574667,-0.0673688419394612,0.0482072831725427,-0.2270896694366816,0.7418775067117246,-1.1127929088533408,-0.2120543642912455,0.7200460164639468,0.0536238227192778,0.1758644049508201,0.627858178965865,-0.4394385810351502,-0.5483696230665741,-0.0567555737404751,0.2807206015135657,0.4446503348307725,0.4274267307784853,0.3425684865665229,-0.0679957855325105,-0.3400400643635985,0.1006909848508856,-0.7422608040485157,1.7105700617329194,1.3298327528637168,-0.0126223963759427,-0.4330014827351092,-0.7437893264911173,0.3998307862672138,1.5944729839550031,-0.0465589456132681,-0.895480649640672,0.8786199590272197,0.8085844673417191,0.4172110972372487,0.5944551668620432,0.5000969879567966,2.3285118108314427,43.11688208,23.1218425,0.0358174621811002,0.2425363492487369,10.2890511899856,9.859980852498675
-4.114360363,-78.9677245,0.8979377779778565,0.2264434695689646,2.169945941947254,-1.5045056575793432,0.3188167832737719,1.2048810858061572,-1.50594959760201,0.5750083033388481,0.9092455096776416,0.3557633832934972,1.144024614677544,1.3179514741186624,0.6484666364756602,2.675707438711388,-1.2014355323315893,0.6819830249200485,2.4936432703357694,0.7884084215399129,1.0640547283587158,1.6379364573810764,-0.3966760086426625,2.626884511140375,0.4769266695221716,0.8639825739871185,1.6969455777938962,0.9838158244216136,0.9735220593553228,1.210669995765544,0.0894034594172895,-0.7714838149284012,-1.0783335548087862,1.2262585619416189,2.400299761506243,0.0768835291978114,-1.005543951260928,-0.7437893264911173,2.08653470437385,2.938414468102988,-0.5832663432696443,-1.2535596071490065,1.580077814474078,1.6934099425991755,3.034546858135708,3.9369511073871903,1.6140988645241958,1.844386678886314,-4.114360363,-78.9677245,-0.0661934820178304,0.2086923552906117,37.0202228078465,31.494606116473275
53.75854704,156.5572378,-0.6079370690495891,-1.5629692652998044,-0.8345182322935534,-0.0032062446348613,-1.1921248599294798,-0.3671950038020826,-0.3605817216513096,-0.7416344097542816,-0.5170496738985334,-0.9285278111144976,-0.4302964362295763,0.0949642614352307,-0.0216019649878667,0.266345556220004,-0.4922945445056018,0.0198575900530375,0.243272561122059,0.3358237048750289,-0.0571035487299394,-0.0349255547089163,-0.6316576191651994,-0.3626660352389496,-0.5668073401625786,0.3722855663216802,-0.2295769869660441,0.1542020448465453,-0.0137849059390804,-0.2865743453332391,-0.6252349832060609,-0.4711227224075791,0.1921600129762919,0.9033842287474187,0.7611471545223749,1.1807899446074472,-1.3370159067232437,-0.8440769904319835,1.4439808308094169,0.1112434468280965,1.32581753009163,-1.078239049318516,-0.0717721742748203,0.1617711572522862,-0.5582210935567979,-0.566542942520241,-0.2045045929147715,-0.0282093314774426,53.75854704,156.5572378,-0.1335372135727012,-0.7093389210187993,16.3425564919026,12.533211435085011
42.6002155,23.27184248,-0.3513305928745087,-0.7960780932131891,-0.3014681368637326,-0.3820891351678653,-0.8434460191902678,-0.0117255695276079,-0.6143024536657054,-0.9121349049749746,0.2937893688194291,-0.7938843794426916,-0.1262219653378583,0.0467461276018337,-0.2896294055732775,0.5833668565478177,-1.2014355323315893,-0.2591089637234189,0.6056203871818937,-0.0475421727705197,0.2680808866161208,0.5218017743325051,-0.4320583552265064,-0.5385380670368178,-0.1008589196191232,0.2450416245255094,0.4514772028878656,0.362482359220838,0.2753588330693267,-0.1848975707167276,-0.3694531173512676,0.4666248219305712,-0.3285297515668833,1.4746234336294657,0.7945992485424537,0.0768835291978114,-0.9151425088621143,0.0986270506121599,0.31951155207166,-0.182390827019362,1.398422509615437,-0.9709216169495496,0.1954019397251874,0.3499580300402035,0.0888951801944805,0.1043260407740538,-0.1838232760080691,3.1244135277492333,42.6002155,23.27184248,2.914423850944011,1.724826747624118,7.86525458098034,7.904632333119222
41.67729898,23.45725911,-0.4256114149251898,-0.7960780932131891,-0.2530090372792035,-0.4159385710733519,-0.9403012527289376,-0.0367586282793315,-0.6505482725249048,-1.8214708794853376,0.2400590708079978,-0.9285278111144976,-0.1556485270370568,0.0978865725766487,-0.3164321496318186,0.3614519463183481,-1.0832453676939249,-0.255747920906835,0.4721238196861651,-0.1966289029660109,0.4913418422268487,0.473326025138413,-0.4173921094803751,-0.4992601948326935,-0.1151116451642755,0.2472637726848353,0.4816124709536118,0.315086583273453,0.2331142428603926,-0.2706320356544948,-0.3629618491905326,0.2171636789515674,-0.0071886965815268,1.4187413374997,0.7611471545223749,-0.8181757265397311,-0.794607252330363,-0.061833211693226,0.3730577082020295,0.0284235234352237,1.3471719358339262,-1.0516753284351086,0.2127832142145256,0.4228354668210438,-0.0227918519112503,0.0727919977353045,-0.447178629830822,3.722792190833412,41.67729898,23.45725911,0.0166060084357119,-0.0160831834797831,12.8493942239587,11.445317484621468
52.64396389,157.4489043,-0.5944314650403744,-1.722738259484516,-0.8345182322935534,-0.1468740208928075,-1.2502380000526816,-0.272069380545533,-0.5418108159473065,-0.7795234086922134,-0.0578998545281208,-0.9803137463728844,-0.3665388858813128,0.2790698633445645,0.130280251343866,0.5516647265150363,-0.728674873780931,0.0837174035681299,0.5579430416477049,0.3092010744829769,0.3020553798612315,-0.0383912417553719,-0.6367539270243439,-0.5061745186634565,-0.5685833681257697,0.4994464371586238,-0.245195598970612,0.1783957983092251,-0.0128642966029896,-0.2950381753449114,-0.6156518641258737,-0.3620868434946829,0.0646070765423183,1.2386768055260116,0.627338778442059,0.3454013059190742,-1.035677765393866,-0.2624085395749588,0.9085192695057231,0.4707572051926133,1.1322042513614785,-1.1303039422499952,-0.0545635364647314,0.1439916115379161,-0.5831216149172912,-0.6295790562825145,-0.1266132477986468,0.2409642418840487,52.64396389,157.4489043,-0.1324056971876654,-0.6941966915338611,10.3030350495102,10.983260443323367
-40.66435451,-72.16355892,0.14162395346183,-0.1250483176374007,0.5707956556577922,-0.8861764732830955,-0.301056711373716,0.5239818877592762,-0.984009806029539,-0.836356907099111,0.6259403019810041,-0.3588825232722418,0.4034561452477149,2.445963574706009,2.113683311675906,2.168473358186886,-0.4922945445056018,2.174286035483261,2.207579197130637,0.5062085393841617,3.9761541493682095,1.280468186915091,-0.5275945970999816,-0.6998078205347532,0.1826724146822328,2.521206675088937,2.9028773988958934,0.5214730836898055,0.5179290492041478,0.078773496039322,-0.2395144402285269,-0.0851644186983513,-1.0082190052044917,1.1207034914742846,1.9654225392452165,0.3752366144436591,-1.3370159067232437,-0.362696203515825,2.48813087535162,2.9478258230339955,-0.5391339047355657,-1.2918113652211134,2.375154979391389,1.6704774912323994,1.7830874320268184,2.5147870584327867,2.9918368511702225,0.5333758215789062,-40.66435451,-72.16355892,-0.1038318064346288,-0.2186121146334006,17.0,16.85999415599259
43.54188201,-7.505235933,0.2091519735079038,-0.987800886234843,0.1346637593970297,-0.8450186364434696,-0.3494843281430509,0.5940744522641023,-1.1217439176944968,-0.7700511589577305,0.6845551725389292,-0.2035247174970811,0.4525004147463791,0.6282860447440151,0.2374912275780303,0.615068986580599,-0.7877699560997632,0.3391566576284996,0.7295814855707846,-0.2339005855148836,1.1999527013391589,1.0003218272162837,-0.4651177228898836,-0.3823130299934952,0.0937354881929184,1.078347184272752,2.351918550080949,0.6900337319462341,0.5607839309954343,0.3909573435912201,-0.3445564329841596,0.2215525222275997,-1.0451293850443046,1.9216802026675888,1.1291201887432432,-0.0424577049005275,-1.3671497208561818,0.2992023784938927,0.3730577082020295,0.9563831196326408,0.5997677348535614,-1.0176737657043469,1.56943959747172,1.4679744816284643,0.6930813507080881,0.9615605717962628,0.5357648654675073,0.9807074434962048,43.54188201,-7.505235933,-0.0649158989299351,0.9239581177268872,33.5508268377879,19.36990542940471
54.77729688,43.43850592,-0.2702969688192201,-0.987800886234843,-0.8829773318780825,0.5156902216890193,-0.165459384419578,-0.272069380545533,0.2700955264987596,0.2529518123664279,-0.2874747642133271,-0.0688812858252752,-0.3665388858813128,-0.1899610748530239,-0.361103389729387,0.2346434261872226,-0.96505520305626,-0.38346754793702,0.1860597464810324,-0.0794893292409821,-0.0522500496949236,0.3148336558482103,-0.396480703787826,-0.3495465489959634,-0.1885781139514434,-0.0634216148246661,0.5929984645545993,0.3593334732907717,0.2495145361454722,-0.07304982415413,-0.330149378961581,-0.1230455114698124,-0.6625699135763042,1.5925967476811926,0.3262699322613485,0.5244131570665828,-1.2164806501914929,0.8808708293509178,0.560469254658322,2.161036550801702,-0.487883330954055,-0.8859177101226452,0.9422362717125944,0.501952101497965,-0.0180809963683201,0.1608187867198624,0.356432195249099,0.0008381764392650633,54.77729688,43.43850592,-0.0992232264419467,-0.3116639857808733,10.4833846873856,14.8783587898318
47.81896466,8.176011559,-0.1217353247178577,-1.1475698804195544,-0.3499272364482618,-0.455365470849629,-0.6400500287590608,0.2185785709882488,-0.7955315479617022,-0.1354104267473729,-0.0188232741561708,-0.4935259549440477,0.065050685706932,0.8635320916281638,0.1481487473828934,2.073366968088542,-1.378720779288086,0.2652137156636558,2.007334345887044,0.9481442038922248,0.8796217650281146,0.5620500064071062,-0.6165157486549369,-0.5889691142779772,-0.2449963325406914,1.4389166827981503,-0.0714642367894078,0.4409243574787159,0.304637313134554,0.0090367480185214,-0.5066924476921915,0.0506711667331974,-0.5243121981618026,1.455996068252877,0.4600783083416643,0.017212912148642,-0.613804367532736,0.1989147145530266,0.4533769423975836,0.3634677589791187,0.3008060544614155,-0.4598356271527872,0.122279853299602,-0.1113340312743936,-0.1692990255720841,0.1501195230556698,-0.3525910306093807,1.4590230738579917,47.81896466,8.176011559,-0.0077178120080593,1.860710133182768,76.7029478845746,13.993875605302131
58.28354632,14.01142729,-0.162252136745502,-0.987800886234843,-0.4468454356173201,-0.2676549626464757,-0.4850816550971889,0.1084331124806651,-0.520063324631787,-0.1543549262163388,-0.1116301525395521,-0.389954084427274,-0.018324572440797,-0.115442140746865,-0.4147088778464692,0.3614519463183481,-1.0241502853750923,-0.3330519056882627,0.2718789684425722,-0.1007874335546237,-0.0037150593447653,0.2552469698170354,-0.4648397006847635,0.8783019779858179,-0.2747356982751264,0.0611848240160429,0.2911294661449188,0.4487741603043793,0.3338640735741581,0.0508018256946607,-0.4619496417164526,0.0297134063787387,-0.7768583933610794,1.518087286174839,0.4266262143215854,0.0470482206732266,-1.608220233919684,0.1186845834003333,0.6140154107886918,1.9125767806230836,-0.289999171075444,-0.8933555519699994,1.343190933018324,0.8593157389805088,0.1072264757710511,0.348051538593317,0.7043520232206635,-0.0804948457275165,58.28354632,14.01142729,-0.0889476077823681,1.610428598306722,3.65382908364136,15.72335527699254
31.12521733,115.2655778,0.2631743895447628,-1.0197546850717851,-0.6406818339554368,-0.0166690884609071,0.1347918395502989,0.2586314649910065,-0.2735917563892311,0.6792030504181605,0.0397915964017541,0.3971921315002067,0.182756932503726,1.2127482730276145,1.0862447894318312,0.4248562063839108,-0.1968191329114404,1.192861533040788,0.6437622636092447,2.417713401533495,0.0739409252154878,1.4880624421845334,-0.5219031838596295,-0.5791536755531878,0.3031308033018493,1.1577422535540904,0.1122779529208949,0.788170274766715,0.647610838491466,0.6579154073174789,-0.1555812097711442,-0.5589881917628707,-1.062368134072926,1.7602430360704888,1.998874633265296,-0.0424577049005275,-0.6439381816656741,-0.8039619248556371,1.1762500501575703,1.9464576583747133,-0.1846507694134499,-0.9911100448209392,1.2448783586905738,1.1110614558769454,0.3581245474581294,0.1206350593209477,0.4925787831673502,1.6158796166082132,31.12521733,115.2655778,0.8985204106870429,0.9623519246921602,21.6966034196313,19.640857794543145
42.14396557,23.78434239,-0.3986002069067603,-0.8280318920501314,-0.2530090372792035,-0.4143999603503753,-0.9306157293750708,-0.0267454047786421,-0.6577974362967446,-1.0068574023198045,0.2547127884474791,-0.8870990629077881,-0.1409352461874575,0.0905807947231037,-0.2806951575537638,0.4882604664494736,-1.142340450012757,-0.2423037496404998,0.5579430416477049,-0.0635157510057509,0.370004366351453,0.510563217258959,-0.4162938068849418,-0.3212606787792058,-0.0946509129915229,0.282527394876756,0.2998160342539791,0.3378347627682377,0.2489145884882445,-0.2485889397996088,-0.3450420640186286,0.3501462209075796,-0.1466878898459148,1.3628592413699343,1.1291201887432432,-0.1617989389988665,-0.613804367532736,-0.3426386707276516,0.212419239810921,-0.0543963999576493,1.3557136981308446,-1.011298472692329,0.1707694238674182,0.321504098781924,0.0489546242661474,0.3092973205259245,-0.3758880240214398,3.3993966026940665,42.14396557,23.78434239,-0.044055035357187,0.2234257993299636,18.7715349799925,14.184397433036816
-46.13310364,168.063486,0.1078599434387931,-0.5404477025176506,0.522336556073263,-0.9571448928803942,-0.6109934586974599,0.4739157702558291,-1.1434914090100163,-0.495355916657725,0.1863287727965666,-0.4935259549440477,0.3789340104983827,0.4792481765316972,-0.0573389570659215,1.5027286274984777,-1.3491732381286698,-0.0339190950123034,1.425670730369941,0.2666048658556937,0.535023333541991,0.975738979167548,-0.4879109483013863,0.4861034789233798,0.0616213424712554,0.6815172120447067,-0.253745916561726,0.5823384713380433,0.5115675352525086,0.2056021618228624,-0.3580569757423963,0.3983998692546976,-1.0116428332082514,1.369068363162131,1.931970445225138,0.5840837741157523,-0.7644734381974255,-0.523156465821211,1.551073143070156,1.9596335552781248,0.1968812798489076,-1.283310974538423,1.8023839264578656,1.394605618014176,2.089660104651212,3.3014117120362463,2.921393322588476,-0.2179863831999329,-46.13310364,168.063486,-0.1258104696138112,0.2689300189050942,14.6431106885806,16.43381227226937
